Cluster_ID,Size,Refined_Title,Confidence,Key_Words
5,968,The Impact of Brucellosis on Dairy Cattle Health in Developing Countries,90,"Brucellosis, Dairy Cattle, Public Health, Zoonotic Disease, Livestock Health"
8,634,Dairy Cattle Probiotics and Functional Foods,90,"probiotics, milk, dairy, functional, fermented"
2,473,Association between Dietary Patterns and Bone Health in Dairy Cattle,90,"bone, health, dairy, cattle, patterns"
14,426,Impact of Antibiotic Use on Dairy Calf Health and Growth,90,"antibiotic, dairy calves, growth, health, colostrum"
0,368,Improved Dairy Cattle Health through Diagnostic Techniques and Genomic Analysis,90,"dairy cattle, diagnostic test, genomic analysis, mastitis, health determinants"
4,310,Effects of Supplementation on Milk Yield in Dairy Cows,95,"supplementation, milk yield, dairy cows, fed, yield"
9,307,Impact of Veterinary Practices on Dairy Cattle Welfare and Health,95,"veterinary, practices, dairy cattle, welfare, health"
12,291,Understanding Dairy Cattle Allergy in Infants and Mothers,95,"infants, breastfeeding, allergy, milk, mothers"
10,267,Assessing Dairy Cattle Milk Concentration Exposure to Persistent Organic Pollutants (POPs) and Mycotoxins,90,"milk, exposure, detection, contamination, milk samples"
11,238,Veterinary Public Health and Dairy Cattle Research: Understanding Health Determinants for Dairy Cattle,85,"dairy cattle, public health, research, health determinants, dairy cattle health"
7,222,Antimicrobial Resistance in Dairy Cattle: A Study on the Impact of Public Health and Environmental Factors,95,"antimicrobial resistance, dairy cattle, public health, environmental factors, mrsa"
19,218,Characterizing Dietary Patterns in Children Aged 1-10 Years,90,"dairy, cattle, nutrition, health, children"
3,214,Genetic Correlations in Dairy Cattle: Impact on Productivity and Traits,90,"genetic correlations, dairy cattle, traits, genomic, breeding"
18,150,Monitoring Dairy Cattle Behavior for Health and Productivity,90,"dairy cattle, behavior, health, productivity, monitoring"
6,142,Understanding the Impact of Grazing Systems on Soil Health and Crop Yield for Dairy Cattle,90,"soil health, crop yield, dairy cattle, grazing systems, manure"
1,117,Assessing Water Quality in Dairy Cattle Production Systems,90,"water, milk, cow, dairy, microbial"
15,97,Understanding the Impact of Globalization on Dairy Cattle Health,90,"dairy cattle, health determinants, globalization, food systems, sustainability"
13,85,Assessing Dietary Intakes and Health Determinants of Dairy Cattle,90,"dairy cattle, nutrition, health determinants, food groups, intakes"
17,42,The Impact of Fishing Gear Entanglements on Marine Life and Dairy Cattle,95,"fishing gear entanglements, marine life, dairy cattle, conservation, population decline"
16,41,Understanding and Managing Mastitis in Dairy Cattle,90,"mastitis, dairy cattle, epithelial cells, mastitis pathway, inflammation"
